{
    "rmse": 0.6751779965242495,
    "mae": 0.5289503578423738,
    "r2": 0.26988536217737835
}